<?xml version="1.0" ?>
<install version="1.5" type="extension" extension="jcemediabox" folder="popups" core="1">
	<name>WF_POPUPS_JCEMEDIABOX_TITLE</name>
	<version>2.3.3.2</version>
	<creationDate>13 July 2013</creationDate>
	<author>Ryan Demmer</author>
	<authorEmail>info@joomlacontenteditor.net</authorEmail>
	<authorUrl>http://www.joomlacontenteditor.net/</authorUrl>
	<copyright>Copyright (C) 2006 - 2013 Ryan Demmer. All rights reserved</copyright>
	<license>GNU/GPL Version 2 or later - http://www.gnu.org/licenses/gpl-2.0.html</license>
	<description>WF_POPUPS_JCEMEDIABOX_DESC</description>
	<files>
		<file>jcemediabox.php</file>
		<folder>jcemediabox</folder>
	</files>
	<params group="jcemediabox">
            <param name="attribute" type="list" default="data-mediabox" label="WF_MEDIABOX_ATTRIBUTE" description="WF_MEDIABOX_ATTRIBUTE_DESC">
                <option value="data-mediabox">data-mediabox</option>
                <option value="rel">rel</option>
            </param>
	</params>
	<media></media>
	<plugins>link,imgmanager_ext,mediamanager,filemanager</plugins>
	<languages></languages>
</install>
 