<?xml version="1.0" encoding="utf-8"?>
<!DOCTYPE install PUBLIC "-//Joomla! 2.5//DTD template 1.0//EN" "http://www.joomla.org/xml/dtd/1.6/template-install.dtd">
<extension version="2.5" type="template" client="site">
	<name>gumennoy</name>
	<creationDate>30 10 2013</creationDate>
	<author>JR</author>
	<authorEmail>j.jaguar@rambler.ru</authorEmail>
	<authorUrl>none</authorUrl>
	<copyright>GNU/GPL</copyright>
	<license>GNU/GPL</license>
	<version>2.5.0</version>
	<description>GeekHub test</description>

	<files>
		<folder>css</folder>
		<folder>html</folder>
		<folder>images</folder>
		<folder>javascript</folder>
		<folder>fonts</folder>
		<folder>language</folder>
		<filename>index.html</filename>
		<filename>index.php</filename>
		<filename>templateDetails.xml</filename>
		<filename>template_preview.png</filename>
		<filename>template_thumbnail.png</filename>
		<filename>favicon.ico</filename>
		<filename>component.php</filename>
		<filename>error.php</filename>
	</files>

	<positions>
        <position>user1</position>

        <position>user2</position>

        <position>user3</position>

        <position>header</position>

        <position>left</position>

        <position>right</position>

        <position>footer</position>


    </positions>

	<!-- 	For core templates, we also install/uninstall the language files in the core language folders.
	-->
	<!-- <languages folder="language">
		<language tag="en-GB">en-GB/en-GB.tpl_beez5.ini</language>
		<language tag="en-GB">en-GB/en-GB.tpl_beez5.sys.ini</language>
	</languages>

	<config>
		<fields name="params">
			<fieldset name="advanced">
				 <field name="wrapperSmall" type="text" default="53"
					label="TPL_BEEZ5_FIELD_WRAPPERSMALL_LABEL"
					description="TPL_BEEZ5_FIELD_WRAPPERSMALL_DESC"
					filter="integer" />

				<field name="wrapperLarge" type="text" default="72"
					label="TPL_BEEZ5_FIELD_WRAPPERLARGE_LABEL"
					description="TPL_BEEZ5_FIELD_WRAPPERLARGE_DESC"
					filter="integer" />
				<field name="logo" type="media"
					   label="TPL_BEEZ5_FIELD_LOGO_LABEL" description="TPL_BEEZ5_FIELD_LOGO_DESC" />

				<field name="sitetitle"  type="text" default=""
					label="TPL_BEEZ5_FIELD_SITETITLE_LABEL"
					description="TPL_BEEZ5_FIELD_SITETITLE_DESC"
					filter="string" />

				<field name="sitedescription"  type="text" default=""
					label="TPL_BEEZ5_FIELD_DESCRIPTION_LABEL"
					description="TPL_BEEZ5_FIELD_DESCRIPTION_DESC"
					filter="string" />

				<field name="navposition" type="list" default="center"
					label="TPL_BEEZ5_FIELD_NAVPOSITION_LABEL"
					description="TPL_BEEZ5_FIELD_NAVPOSITION_DESC"
					filter="word"
				>
					<option value="center">TPL_BEEZ5_OPTION_AFTER_CONTENT</option>
					<option value="left">TPL_BEEZ5_OPTION_BEFORE_CONTENT</option>
				</field>

				<field name="html5" type="list" default="0"
					label="TPL_BEEZ5_FIELD_HTML5_LABEL"
					description="TPL_BEEZ5_FIELD_HTML5_DESC"
					filter="int"
				>
					<option value="0">TPL_BEEZ5_OPTION_XHTML</option>
					<option value="1">TPL_BEEZ5_OPTION_HTML5</option>
				</field>
			</fieldset>
		</fields>
	</config> -->
</extension>
